Document_No,Day_No,Menu_1,Menu_2,Date/time
51,1,"चहा,दूध,पोळी,भात,वांग्याची भाजी,अंड्याची भाजी","चहा,पोळी,अंड्याची भाजी",2018-05-24 08:09:21.442460+00:00
51,2,"चहा,दूध,उपमा,पोळी,भात,मेथीची भाजी,पालक वरण","चहा,दूध,पोळी",2018-05-24 08:10:08.392109+00:00
51,3,"चहा,ब्रेड,उपमा,पोळी,भात,खिचडी,बेसन,वांग्याची भाजी",चहा,2018-05-24 08:10:52.195442+00:00
52,1,"चहा,उपमा,पोळी,भात,पत्ता कोबी,आलूची भाजी","चहा,पोळी",2018-05-24 08:12:55.833560+00:00
52,2,"चहा,दूध,चण्याची उसळ,पोळी,भात,खिचडी,बेसन,डाळ पालक",चहा,2018-05-24 08:13:41.078082+00:00
52,3,"चहा,दूध,उपमा,भाकर,खिचडी,पालक वरण,टमाटर चटणी","चहा,उपमा",2018-05-24 08:14:24.428183+00:00
53,1,"चहा,बिस्कीट,दूध,पोळी,भात,मेथीची भाजी,टमाटर चटणी",चहा,2018-05-24 08:16:36.134472+00:00
53,2,"चहा,दूध,उपमा,पोळी,भात,खिचडी,बेसन,वांग्याची भाजी",चहा,2018-05-24 08:17:47.730600+00:00
53,3,"चहा,दूध,उपमा,भाकर,पोळी,पालक वरण,टमाटर चटणी",चहा,2018-05-24 08:18:35.563106+00:00
54,1,"चहा,उपमा,वाटाणा उसळ,पोळी,भात,खिचडी,बेसन","चहा,उपमा",2018-05-24 08:20:46.100027+00:00
54,2,"चहा,दूध,पोळी,खिचडी,मेथीची भाजी,वांग्याची भाजी","चहा,पोळी",2018-05-24 08:21:42.976092+00:00
54,3,"चहा,दूध,उपमा,पोळी,भात,मेथीची भाजी,पालक वरण,टमाटर चटणी","चहा,पोळी",2018-05-24 08:22:56.683225+00:00
55,1,"चहा,पोहे,पोळी,भात,पत्ता कोबी,वांग्याची भाजी","चहा,पोळी",2018-05-24 08:24:24.289261+00:00
55,2,"चहा,मटकीची उसळ,पोळी,भात,मेथीची भाजी","चहा,मटकीची उसळ,पोळी",2018-05-24 08:25:17.262270+00:00
55,3,"चहा,पोहे,पोळी,भात,पालक वरण,आलूची भाजी",चहा,2018-05-24 08:25:57.318716+00:00
56,1,"चहा,दूध,उपमा,पोळी,भात,पत्ता कोबी,वांग्याची भाजी","चहा,पोळी",2018-05-24 08:28:53.825536+00:00
56,2,"चहा,दूध,उपमा,पोळी,भात,मेथीची भाजी,पालक वरण,वांग्याची भाजी","चहा,पोळी",2018-05-24 08:29:54.080282+00:00
56,3,"चहा,दूध,साबुदाणा उसळ,पोळी,वांग्याची भाजी",चहा,2018-05-24 08:30:36.784839+00:00
57,1,"चहा,उपमा,पोळी,भात,खिचडी,पत्ता कोबी,पालक वरण,टमाटर चटणी",चहा,2018-05-24 08:33:13.387876+00:00
57,2,"चहा,दूध,भाकर,पोळी,भात,खिचडी,वांग्याची भाजी","चहा,दूध",2018-05-24 08:34:01.079976+00:00
57,3,"चहा,उपमा,पोळी,बेसन,पालक वरण","चहा,पोळी",2018-05-24 08:34:47.008224+00:00
58,1,"चहा,दूध,उपमा,पोळी,बेसन,वांग्याची भाजी","उपमा,पोळी",2018-05-24 08:37:51.482583+00:00
58,2,"चहा,दूध,उपमा,पोळी,खिचडी,बेसन,वांग्याची भाजी",चहा,2018-05-24 08:38:38.402356+00:00
58,3,"चहा,दूध,पोळी,भात,खिचडी,डाळ पालक,टमाटर चटणी","दूध,पोळी",2018-05-24 08:39:26.729000+00:00
59,1,"चहा,दूध,पोहे,भाकर,पोळी,भात,पालक वरण","चहा,पालक वरण",2018-05-24 08:41:41.874998+00:00
59,2,"चहा,दूध,पोहे,पोळी,खिचडी,बेसन,वांग्याची भाजी",पोहे,2018-05-24 08:42:24.031936+00:00
59,3,"चहा,दूध,उपमा,वाटाणा उसळ,पोळी,भात,वांग्याचं भरीत","चहा,उपमा,पोळी",2018-05-24 08:43:20.375848+00:00
60,1,"चहा,दूध,उपमा,पोळी,भात,डाळ पालक,वांग्याची भाजी","चहा,उपमा,भात",2018-05-24 08:45:42.676385+00:00
60,2,"चहा,ब्रेड,दूध,उपमा,पोळी,खिचडी,बेसन,वांग्याची भाजी","पोळी,वांग्याची भाजी",2018-05-24 08:46:45.310913+00:00
60,3,"चहा,पोहे,पोळी,भात,टमाटर चटणी","चहा,पोळी,टमाटर चटणी",2018-05-24 08:47:45.768337+00:00
61,1,"चहा,दूध,उपमा,पोळी,भात,पत्ता कोबी,पालक वरण","दूध,पोळी",2018-05-24 12:06:44.343963+00:00
61,2,"चहा,साबुदाणा उसळ,पोळी,पालक वरण",चहा,2018-05-24 12:07:26.839454+00:00
61,3,"चहा,ब्रेड,उपमा,पोळी,भात,खिचडी,बेसन,अंड्याची भाजी",उपमा,2018-05-24 12:08:08.278904+00:00
62,1,"चहा,दूध,उपमा,पोळी,भात,टमाटर चटणी,वांग्याची भाजी","चहा,पोळी",2018-05-24 12:09:41.726072+00:00
62,2,"चहा,दूध,उपमा,पोळी,भात,खिचडी,बेसन,डाळ पालक","दूध,उपमा",2018-05-24 12:10:21.210515+00:00
62,3,"चहा,दूध,पोळी,भात,खिचडी,बेसन,पालक वरण",चहा,2018-05-24 12:10:58.953698+00:00
63,1,"चहा,उपमा,पोळी,भात,पालक वरण,वांग्याची भाजी","चहा,पोळी",2018-05-24 12:13:27.362454+00:00
63,2,"चहा,दूध,उपमा,पोळी,टमाटर चटणी,वांग्याची भाजी","चहा,उपमा,पोळी",2018-05-24 12:14:07.940674+00:00
63,3,"चहा,दूध,उपमा,पोळी,बेसन,आलूची भाजी","चहा,उपमा,पोळी",2018-05-24 12:14:51.891167+00:00
64,1,"चहा,दूध,पोहे,पोळी,भात,बेसन,मेथीची भाजी,पालक वरण","चहा,भात",2018-05-24 13:56:26.487430+00:00
64,2,"चहा,दूध,शिरा,वाटाणा उसळ,पोळी,भात,बेसन,वांग्याची भाजी",चहा,2018-05-24 13:57:09.969255+00:00
64,3,"चहा,दूध,साबुदाणा उसळ,पोळी,भात,मेथीची भाजी",दूध,2018-05-24 13:57:53.887083+00:00
65,1,"चहा,उपमा,कढी,पोळी,भात,पालक वरण","चहा,भात",2018-05-24 13:59:14.629113+00:00
65,2,"चहा,उपमा,मटकीची उसळ,पोळी,भात,पत्ता कोबी","चहा,पोळी",2018-05-24 14:00:09.866595+00:00
65,3,"चहा,दूध,उपमा,पोळी,भात,मेथीची भाजी,वांग्याची भाजी","चहा,पोळी",2018-05-24 14:00:59.343995+00:00
66,1,"चहा,दूध,शिरा,पोळी,पालक वरण,वांग्याची भाजी","चहा,पोळी",2018-05-24 14:02:17.414281+00:00
66,2,"चहा,दूध,उपमा,भाकर,खिचडी,बेसन,टमाटर चटणी",चहा,2018-05-24 14:02:55.086955+00:00
66,3,"चहा,पोळी,भात,खिचडी,मेथीची भाजी,वांग्याची भाजी","चहा,पोळी",2018-05-24 14:03:33.449183+00:00
67,1,"चहा,उपमा,पोळी,भात,पालक वरण,वांग्याची भाजी","चहा,पोळी",2018-05-24 14:05:18.023163+00:00
67,2,"चहा,मटकीची उसळ,पोळी,पत्ता कोबी,टमाटर चटणी","चहा,पोळी",2018-05-24 14:06:00.325546+00:00
67,3,"चहा,उपमा,पोळी,पत्ता कोबी,वांग्याची भाजी","चहा,पोळी",2018-05-24 14:06:36.776592+00:00
68,1,"चहा,उपमा,पोळी,भात,डाळ पालक,वांग्याची भाजी","चहा,उपमा,पोळी",2018-05-24 14:08:00.518134+00:00
68,2,"चहा,दूध,उपमा,मटकीची उसळ,पोळी,आलूची भाजी","चहा,उपमा,पोळी",2018-05-24 14:08:48.892379+00:00
68,3,"चहा,उपमा,पोळी,खिचडी,बेसन,टमाटर चटणी","चहा,उपमा",2018-05-24 14:09:25.567748+00:00
69,1,"चहा,दूध,पोहे,पोळी,भात,बेसन,मेथीची भाजी,पालक वरण","चहा,पोळी",2018-05-24 14:10:56.931663+00:00
69,2,"चहा,उपमा,पोळी,पत्ता कोबी,डाळ पालक","चहा,उपमा,पोळी",2018-05-24 14:11:48.441405+00:00
69,3,"चहा,दूध,पोळी,भात,बेसन,वांग्याची भाजी","पोळी,वांग्याची भाजी",2018-05-24 14:12:37.621989+00:00
70,1,"चहा,उपमा,पोळी,भात,बेसन,वांग्याची भाजी","पोळी,बेसन",2018-05-24 14:15:57.030201+00:00
70,1,"चहा,उपमा,पोळी,भात,खिचडी,बेसन,वांग्याची भाजी",,2018-05-24 14:14:28.679480+00:00
70,2,"चहा,उपमा,पोळी,भात,पत्ता कोबी,डाळ पालक","पोळी,भात,डाळ पालक",2018-05-24 14:16:56.137710+00:00
71,1,"बिस्कीट,दूध,पोळी,भात,खिचडी,बेसन,मेथीची भाजी,पालक वरण","चहा,दूध",2018-05-24 14:18:02.788240+00:00
71,2,"दूध,उपमा,पोळी,भात,डाळ पालक,वांग्याची भाजी","चहा,दूध,उपमा,पोळी",2018-05-24 14:19:02.238456+00:00
71,3,"चहा,दूध,उपमा,पोळी,खिचडी,पत्ता कोबी,टमाटर चटणी",चहा,2018-05-24 14:19:42.690508+00:00
72,1,"चहा,मटकीची उसळ,पोळी,भात,खिचडी,पालक वरण,टमाटर चटणी",चहा,2018-05-24 14:21:35.693433+00:00
72,2,"चहा,दूध,उपमा,शिरा,पोळी,मेथीची भाजी",दूध,2018-05-24 14:22:23.903068+00:00
72,3,"चहा,ब्रेड,मटकीची उसळ,पोळी,खिचडी,बेसन,टमाटर चटणी",चहा,2018-05-24 14:23:08.915436+00:00
73,1,"चहा,दूध,उपमा,पोळी,बेसन,आलूची भाजी","चहा,पोळी",2018-05-24 14:24:39.516515+00:00
73,2,"चहा,दूध,दहीवडे,उसाचा रस,पोळी,भात,खिचडी,बेसन,पालक वरण",दहीवडे,2018-05-24 14:25:41.955428+00:00
73,3,"चहा,ब्रेड,दूध,उपमा,पोळी,भात,मेथीची भाजी,वांग्याचं भरीत","चहा,उपमा,पोळी",2018-05-24 14:26:27.010206+00:00
74,1,"चहा,उपमा,पोळी,भात,खिचडी,बेसन,वांग्याची भाजी","चहा,उपमा",2018-05-24 14:27:57.858500+00:00
74,2,"चहा,ब्रेड,पोहे,पोळी,भात,वांग्याची भाजी","चहा,पोळी,बेसन",2018-05-24 14:28:42.957471+00:00
74,3,"चहा,उपमा,पोळी,भात,खिचडी,वांग्याचं भरीत,अंड्याची भाजी",चहा,2018-05-24 14:29:23.734824+00:00
75,1,"चहा,बिस्कीट,पोहे,पोळी,खिचडी,बेसन,वांग्याचं भरीत",चहा,2018-05-24 14:31:44.760705+00:00
75,2,"चहा,बिस्कीट,दूध,उपमा,पोळी,भात,डाळ पालक,वांग्याची भाजी","चहा,पोळी",2018-05-24 14:32:44.846663+00:00
75,3,"चहा,ब्रेड,बिस्कीट,दूध,पोहे,पोळी,भात,पालक वरण,आलूची भाजी","चहा,पोळी",2018-05-24 14:33:36.886474+00:00
76,1,"चहा,बिस्कीट,दूध,पोळी,भात,खिचडी,बेसन,आलूची भाजी",चहा,2018-05-24 16:03:58.672091+00:00
76,2,"चहा,पोहे,पोळी,खिचडी,पालक वरण,टमाटर चटणी,वांग्याची भाजी",चहा,2018-05-24 16:04:45.079206+00:00
76,3,"चहा,दूध,साबुदाणा उसळ,पोळी,भात,पालक वरण",चहा,2018-05-24 16:05:23.643734+00:00
77,1,"चहा,ब्रेड,उपमा,मटकीची उसळ,भाकर,पोळी,वांग्याची भाजी","चहा,उपमा",2018-05-24 16:06:53.905390+00:00
77,2,"चहा,बिस्कीट,शिरा,मटकीची उसळ,पोळी,भात,खिचडी,बेसन","चहा,बिस्कीट",2018-05-24 16:07:33.790084+00:00
77,3,"चहा,दूध,साबुदाणा उसळ,पोळी,भात,आलूची भाजी",चहा,2018-05-24 16:19:07.611236+00:00
78,1,"चहा,ब्रेड,उपमा,पोळी,खिचडी,बेसन,वांग्याचं भरीत",चहा,2018-05-24 16:21:21.331586+00:00
78,2,"चहा,बिस्कीट,दूध,पोळी,भात,बेसन,वांग्याची भाजी",चहा,2018-05-24 16:22:24.969627+00:00
78,3,"चहा,ब्रेड,कढी,पोळी,भात,अंड्याची भाजी","चहा,भात",2018-05-24 16:23:08.211080+00:00
79,1,"चहा,ब्रेड,उपमा,पोळी,मेथीची भाजी,पालक वरण,आलूची भाजी","चहा,पोळी",2018-05-24 16:24:56.252103+00:00
79,2,"चहा,दूध,साबुदाणा उसळ,पोळी,भात,पालक वरण",दूध,2018-05-24 16:26:11.975087+00:00
79,3,"चहा,ब्रेड,पोळी,भात,खिचडी,टमाटर चटणी,वांग्याची भाजी","चहा,भात",2018-05-24 16:27:02.845887+00:00
80,1,"चहा,ब्रेड,दूध,उपमा,पोळी,पत्ता कोबी,मेथीची भाजी","चहा,पोळी",2018-05-24 16:29:10.999619+00:00
80,2,"चहा,दूध,साबुदाणा उसळ,पोळी,भात,वांग्याची भाजी",दूध,2018-05-24 16:29:47.223112+00:00
80,3,"चहा,ब्रेड,पोहे,पोळी,भात,खिचडी,बेसन,आलूची भाजी","चहा,पोहे",2018-05-24 16:30:36.596210+00:00
81,1,"चहा,बिस्कीट,उपमा,पोळी,भात,डाळ पालक,आलूची भाजी","चहा,उपमा,पोळी",2018-05-24 16:32:40.923543+00:00
81,2,"चहा,बिस्कीट,दूध,उपमा,पोळी,पत्ता कोबी,टमाटर चटणी","चहा,उपमा,पोळी",2018-05-24 16:33:23.666107+00:00
81,3,"चहा,बिस्कीट,पोहे,भाकर,पोळी,बेसन,मेथीची भाजी,पालक वरण","चहा,पोहे",2018-05-24 16:34:13.599461+00:00
82,1,"चहा,दूध,उपमा,भाकर,खिचडी,बेसन,टमाटर चटणी",चहा,2018-05-24 16:35:30.774014+00:00
82,2,"चहा,दूध,उपमा,पोळी,भात,वांग्याची भाजी","चहा,पोळी,वांग्याची भाजी",2018-05-24 16:36:37.569289+00:00
82,3,"चहा,पोहे,पोळी,भात,खिचडी,बेसन,डाळ पालक",चहा,2018-05-24 16:37:14.406378+00:00
83,1,"चहा,पोहे,कढी,पोळी,खिचडी,बेसन,वांग्याची भाजी","चहा,पोहे",2018-05-24 16:38:49.274592+00:00
83,2,"चहा,बिस्कीट,दूध,उपमा,पोळी,भात,डाळ पालक,वांग्याची भाजी","चहा,पोळी",2018-05-24 16:39:39.796147+00:00
83,3,"चहा,दूध,पोळी,भात,खिचडी,बेसन,वांग्याची भाजी",चहा,2018-05-24 16:40:24.820285+00:00
84,1,"चहा,बिस्कीट,दूध,वाटाणा उसळ,पोळी,वांग्याची भाजी","चहा,दूध,पोळी",2018-05-24 16:42:12.872160+00:00
85,1,"चहा,उपमा,पोळी,भात,डाळ पालक,वांग्याची भाजी","चहा,दूध,उपमा,पोळी",2018-05-24 16:43:35.009069+00:00
85,2,"चहा,ब्रेड,दूध,उपमा,चण्याची उसळ,पोळी,भात,मेथीची भाजी","चहा,पोळी",2018-05-24 16:44:32.296328+00:00
85,3,"चहा,दूध,साबुदाणा उसळ,पोळी,पत्ता कोबी","चहा,दूध",2018-05-24 16:45:08.819777+00:00
86,1,"चहा,दूध,उपमा,पोळी,भात,पत्ता कोबी,मेथीची भाजी","उपमा,पोळी",2018-05-24 16:47:09.332772+00:00
86,2,"चहा,दूध,शिरा,पोळी,भात,पालक वरण",दूध,2018-05-24 16:47:45.367042+00:00
86,3,"चहा,दूध,शिरा,पोळी,भात,बेसन,वांग्याची भाजी","चहा,पोळी",2018-05-24 16:48:23.852845+00:00
87,1,"चहा,पोळी,भात,टमाटर चटणी,वांग्याची भाजी","चहा,पोळी",2018-05-24 16:59:20.931378+00:00
87,2,"चहा,दूध,साबुदाणा उसळ,पोळी,भात,डाळ पालक",चहा,2018-05-24 17:00:17.147710+00:00
87,3,"चहा,ब्रेड,दूध,पोळी,भात,खिचडी,बेसन,वांग्याची भाजी",चहा,2018-05-24 17:01:02.118050+00:00
88,1,"चहा,ब्रेड,उपमा,पोळी,भात,बेसन,वांग्याची भाजी","चहा,उपमा,पोळी",2018-05-24 17:02:57.154773+00:00
88,2,"चहा,दूध,साबुदाणा उसळ,कढी,वांग्याची भाजी","चहा,दूध",2018-05-24 17:03:52.129194+00:00
88,3,"चहा,ब्रेड,उपमा,पोळी,भात,खिचडी,मेथीची भाजी,पालक वरण,टमाटर चटणी",चहा,2018-05-24 17:05:00.598354+00:00
89,1,"चहा,उपमा,वाटाणा उसळ,कढी,पोळी,भात","चहा,उपमा",2018-05-24 17:07:25.785850+00:00
89,2,"चहा,उपमा,पोळी,खिचडी,बेसन,वांग्याची भाजी","चहा,उपमा",2018-05-24 17:08:06.857037+00:00
89,3,"चहा,दूध,साबुदाणा उसळ,पोळी,भात,वांग्याची भाजी","चहा,दूध",2018-05-24 17:09:05.906458+00:00
90,1,"चहा,उपमा,दहीवडे,पोळी,भात,पालक वरण","चहा,उपमा",2018-05-24 17:12:20.211090+00:00
90,2,"चहा,ब्रेड,पोहे,पोळी,भात,पालक वरण,टमाटर चटणी","चहा,पोळी",2018-05-24 17:13:13.353829+00:00
90,3,"चहा,दूध,साबुदाणा उसळ,पोळी,वांग्याची भाजी","चहा,दूध",2018-05-24 17:13:59.963825+00:00
91,1,"चहा,दूध,शिरा,पोळी,भात,पालक वरण",चहा,2018-05-24 17:15:42.392587+00:00
91,2,"चहा,दूध,पोहे,पोळी,भात,खिचडी,बेसन,टमाटर चटणी",चहा,2018-05-24 17:17:10.870459+00:00
91,2,"चहा,उपमा,पोळी,बेसन,वांग्याची भाजी","चहा,उपमा,पोळी",2018-05-24 17:16:29.222649+00:00
92,1,"चहा,उपमा,पोळी,भात,बेसन,मेथीची भाजी,वांग्याची भाजी","चहा,उपमा,भात",2018-05-24 17:19:09.430014+00:00
92,2,"चहा,ब्रेड,दूध,उपमा,पोळी,खिचडी,डाळ पालक,वांग्याची भाजी","चहा,उपमा",2018-05-24 17:21:59.876043+00:00
92,2,"चहा,ब्रेड,दूध,उपमा,पोळी,खिचडी,बेसन,वांग्याची भाजी","चहा,उपमा",2018-05-24 17:19:59.359351+00:00
92,3,"चहा,दूध,उपमा,पोळी,मेथीची भाजी,पालक वरण,टमाटर चटणी","चहा,उपमा,पोळी",2018-05-24 17:22:39.820532+00:00
93,1,"चहा,उपमा,पोळी,भात,खिचडी,बेसन,मेथीची भाजी,पालक वरण","चहा,उपमा",2018-05-24 17:23:58.286906+00:00
93,2,"चहा,दूध,शिरा,पोळी,पत्ता कोबी,वांग्याची भाजी","चहा,शिरा,पोळी",2018-05-24 17:24:37.001660+00:00
93,3,"चहा,दहीवडे,पोळी,भात,खिचडी,पालक वरण,टमाटर चटणी",चहा,2018-05-24 17:25:17.202124+00:00
94,1,"चहा,पोहे,पोळी,भात,पालक वरण,वांग्याची भाजी","चहा,पोळी",2018-05-24 17:26:19.502504+00:00
94,2,"चहा,मटकीची उसळ,पोळी,भात,पालक वरण","चहा,भात",2018-05-24 17:27:07.407530+00:00
94,3,"चहा,पोहे,पोळी,भात,पालक वरण,वांग्याची भाजी","चहा,पोळी",2018-05-24 17:27:51.133421+00:00
95,1,"चहा,मटकीची उसळ,पोळी,भात,आलूची भाजी,वांग्याचं भरीत","चहा,पोळी",2018-05-24 17:29:09.078544+00:00
95,2,"चहा,पोहे,पोळी,भात,पत्ता कोबी,पालक वरण","चहा,पोळी",2018-05-24 17:29:59.863800+00:00
95,3,"चहा,मटकीची उसळ,पोळी,खिचडी,बेसन,वांग्याची भाजी",चहा,2018-05-24 17:30:45.496910+00:00
96,1,"चहा,पोहे,पोळी,भात,पालक वरण,आलूची भाजी",भात,2018-05-24 17:32:19.048908+00:00
96,2,"चहा,उपमा,मटकीची उसळ,पोळी,भात,पत्ता कोबी","चहा,पोळी",2018-05-24 17:33:04.783899+00:00
96,3,"चहा,पोहे,पोळी,भात,पालक वरण,आलूची भाजी","चहा,पोळी",2018-05-24 17:33:49.565753+00:00
97,1,"चहा,मटकीची उसळ,भात,बेसन,डाळ पालक","चहा,मटकीची उसळ,पोळी",2018-05-24 17:35:32.989261+00:00
97,2,"चहा,दूध,उपमा,भाकर,पोळी,बेसन,वांग्याची भाजी","चहा,उपमा",2018-05-24 17:36:22.503028+00:00
97,3,"चहा,साबुदाणा उसळ,पोळी,भात,पालक वरण,आलूची भाजी",चहा,2018-05-24 17:37:11.127572+00:00
98,1,"दूध,उपमा,पोळी,बेसन,पालक वरण","चहा,दूध,पोळी",2018-05-24 17:38:31.189837+00:00
98,2,"चहा,उपमा,पोळी,टमाटर चटणी,वांग्याची भाजी","चहा,उपमा,पोळी",2018-05-24 17:39:19.486090+00:00
98,3,"चहा,दूध,साबुदाणा उसळ,पोळी,मेथीची भाजी",,2018-05-24 17:40:12.595769+00:00
99,1,"चहा,पोहे,भाकर,पोळी,भात,बेसन,पालक वरण",चहा,2018-05-24 17:42:23.004591+00:00
99,2,"चहा,दूध,उपमा,पोळी,भात,मेथीची भाजी,पालक वरण","चहा,पोळी",2018-05-24 17:43:10.333651+00:00
99,3,"चहा,दूध,साबुदाणा उसळ,पोळी,वांग्याची भाजी","चहा,दूध",2018-05-24 17:43:49.612325+00:00
100,1,"चहा,दूध,शिरा,पोळी,बेसन,मेथीची भाजी",पोळी,2018-05-24 17:45:58.840685+00:00
100,2,"चहा,दूध,उपमा,पोळी,बेसन,टमाटर चटणी","चहा,पोळी",2018-05-24 17:46:50.713868+00:00
100,3,"चहा,ब्रेड,उपमा,पोळी,खिचडी,बेसन,टमाटर चटणी",चहा,2018-05-24 17:47:52.289335+00:00
101,1,"चहा,ब्रेड,दूध,उपमा,मटकीची उसळ,पोळी,भात,पत्ता कोबी",पोळी,2018-05-20 14:12:30.744801+00:00
101,2,"चहा,ब्रेड,उपमा,पोळी,भात,वरण,मेथीची भाजी","चहा,उपमा,शिरा",2018-05-20 18:16:01.669566+00:00
101,3,"चहा,दूध,साबुदाणा उसळ,पोळी,वांग्याची भाजी",दूध,2018-05-20 14:14:53.577069+00:00
102,1,"चहा,ब्रेड,दूध,दहीवडे,पोळी,भात,वरण,खिचडी,बेसन,पत्ता कोबी",,2018-05-20 14:21:56.120833+00:00
102,2,"चहा,दूध,साबुदाणा उसळ,पोळी,भात,आलूची भाजी",चहा,2018-05-20 14:23:04.972496+00:00
102,3,"चहा,ब्रेड,दूध,उपमा,पोळी,भात,वांग्याचं भरीत,वांग्याची भाजी","उपमा,पोळी",2018-05-20 14:26:40.548395+00:00
103,1,"चहा,उपमा,पोळी,खिचडी,बेसन,आलूची भाजी",चहा,2018-05-20 14:28:00.322493+00:00
103,2,"चहा,दहीवडे,पोळी,भात,बेसन,वांग्याची भाजी",चहा,2018-05-20 14:28:40.886286+00:00
103,3,"चहा,पोहे,पोळी,पालक वरण,आलूची भाजी","चहा,पोळी",2018-05-20 14:29:35.617018+00:00
104,1,"चहा,दूध,उपमा,पोळी,भात,बेसन,पालक वरण","चहा,उपमा,भात",2018-05-20 14:36:07.673975+00:00
104,2,"चहा,ब्रेड,दूध,पोळी,भात,पत्ता कोबी,टमाटर चटणी","चहा,पोळी,भात",2018-05-20 14:37:46.388761+00:00
104,3,"चहा,ब्रेड,उपमा,कढी,पोळी,भात,वांग्याची भाजी","चहा,उपमा",2018-05-20 14:38:33.291410+00:00
105,1,"चहा,ब्रेड,दूध,मटकीची उसळ,पोळी,भात,बेसन,पालक वरण","चहा,पोळी",2018-05-20 14:41:44.774282+00:00
105,2,"चहा,दूध,साबुदाणा उसळ,पोळी,पत्ता कोबी","चहा,दूध",2018-05-20 14:42:36.154734+00:00
105,3,"चहा,ब्रेड,दूध,पोहे,पोळी,भात,मेथीची भाजी,टमाटर चटणी","चहा,पोळी",2018-05-20 14:47:04.516291+00:00
106,1,"चहा,मटकीची उसळ,पोळी,भात,वरण,खिचडी,बेसन,मेथीची भाजी",चहा,2018-05-20 15:11:14.033308+00:00
106,2,"चहा,ब्रेड,उपमा,शिरा,पोळी,वरण,खिचडी,बेसन","चहा,उपमा",2018-05-20 15:12:41.004840+00:00
106,3,"चहा,ब्रेड,दूध,पोळी,भात,खिचडी,पालक वरण,वांग्याची भाजी","चहा,पोळी",2018-05-20 15:13:30.349430+00:00
107,1,"चहा,ब्रेड,दूध,पोळी,भात,आलूची भाजी,टमाटर चटणी",भात,2018-05-20 15:14:46.955284+00:00
107,2,"चहा,ब्रेड,शिरा,पोळी,भात,खिचडी,बेसन,वांग्याची भाजी","चहा,शिरा",2018-05-20 15:15:38.513852+00:00
107,3,"चहा,ब्रेड,उपमा,कढी,पोळी,आलूची भाजी,वांग्याचं भरीत","चहा,उपमा",2018-05-20 15:17:09.298849+00:00
108,1,"चहा,उपमा,पोळी,भात,खिचडी,पालक वरण,टमाटर चटणी",चहा,2018-05-20 15:18:50.420090+00:00
108,2,"चहा,दूध,उपमा,पोळी,बेसन,वांग्याची भाजी","चहा,उपमा,पोळी",2018-05-20 15:19:38.053895+00:00
108,3,"चहा,मटकीची उसळ,पोळी,भात,आलूची भाजी","चहा,पोळी",2018-05-20 15:20:59.713766+00:00
109,1,"चहा,मटकीची उसळ,पोळी,भात,वरण,मेथीची भाजी","चहा,पोळी,वरण",2018-05-20 15:22:16.716579+00:00
109,2,"चहा,पोळी,भात,पालक वरण,आलूची भाजी,वांग्याची भाजी","चहा,पोळी",2018-05-20 15:23:05.711929+00:00
109,3,"चहा,साबुदाणा उसळ,पोळी,भात,वरण,डाळ पालक",,2018-05-20 15:23:42.759546+00:00
110,1,"चहा,ब्रेड,उपमा,कढी,पोळी,भात,आलूची भाजी,वांग्याची भाजी","चहा,उपमा,भात",2018-05-20 15:24:47.538888+00:00
110,2,"चहा,दूध,पोळी,पत्ता कोबी",चहा,2018-05-20 15:25:42.940651+00:00
110,3,"चहा,दूध,मटकीची उसळ,पोळी,भात,खिचडी,बेसन","चहा,पोळी",2018-05-20 15:26:31.989027+00:00
111,1,"चहा,उपमा,पोळी,भात,टमाटर चटणी,वांग्याची भाजी","चहा,उपमा,पोळी",2018-05-20 16:15:49.852659+00:00
111,2,"चहा,दूध,उसाचा रस,पोळी,भात,पालक वरण",,2018-05-20 16:16:42.627394+00:00
111,3,"चहा,ब्रेड,दूध,उपमा,भाकर,पोळी,बेसन,मेथीची भाजी","चहा,उपमा",2018-05-20 16:17:26.099439+00:00
112,1,"चहा,उपमा,पोळी,भात,वांग्याची भाजी","चहा,पोळी,आलूची भाजी",2018-05-20 16:18:20.323998+00:00
112,2,"चहा,ब्रेड,उपमा,भात,वरण,खिचडी,बेसन,डाळ पालक","चहा,उपमा",2018-05-20 16:19:22.990097+00:00
112,3,"चहा,शिरा,साबुदाणा उसळ,पोळी,वांग्याची भाजी",चहा,2018-05-20 16:20:17.401318+00:00
113,1,"चहा,ब्रेड,दूध,पोळी,भात,पालक वरण,वांग्याची भाजी",पोळी,2018-05-20 16:21:17.903873+00:00
113,2,"चहा,दहीवडे,पोळी,बेसन,पालक वरण","चहा,पोळी",2018-05-20 16:22:00.999254+00:00
113,3,"चहा,उपमा,पोळी,भात,आलूची भाजी,टमाटर चटणी,वांग्याची भाजी",चहा,2018-05-20 16:22:42.284552+00:00
114,1,"चहा,ब्रेड,बिस्कीट,दूध,पोळी,मेथीची भाजी,आलूची भाजी",पोळी,2018-05-20 16:23:56.372688+00:00
114,2,"चहा,ब्रेड,पोळी,वरण,खिचडी,बेसन,पत्ता कोबी",चहा,2018-05-20 16:24:44.531086+00:00
114,3,"चहा,ब्रेड,कढी,पोळी,खिचडी","कढी,भात",2018-05-20 16:25:37.845117+00:00
115,1,"चहा,ब्रेड,उपमा,पोळी,भात,खिचडी,डाळ पालक,टमाटर चटणी",चहा,2018-05-20 16:26:34.874074+00:00
115,2,"चहा,बिस्कीट,उपमा,पोळी,आलूची भाजी,वांग्याची भाजी","चहा,पोळी",2018-05-20 16:27:19.539166+00:00
115,3,"चहा,उपमा,पोळी,भात,बेसन,डाळ पालक","चहा,पोळी",2018-05-20 16:28:02.373370+00:00
116,1,"चहा,दहीवडे,पोळी,बेसन,वांग्याची भाजी","चहा,पोळी",2018-05-20 16:41:14.116594+00:00
116,2,"चहा,उसाचा रस,साबुदाणा उसळ,पोळी,भात,आलूची भाजी,वांग्याची भाजी",,2018-05-20 16:42:07.409158+00:00
116,3,"चहा,ब्रेड,उपमा,पोळी,खिचडी,बेसन,पत्ता कोबी","चहा,उपमा",2018-05-20 16:43:07.323498+00:00
117,1,"चहा,उपमा,पोळी,भात,डाळ पालक,आलूची भाजी","चहा,पोळी",2018-05-20 16:44:19.753955+00:00
117,2,"चहा,दूध,पोहे,पोळी,भात,खिचडी,बेसन,वांग्याची भाजी","चहा,पोहे",2018-05-20 16:45:10.410100+00:00
117,3,"चहा,पोळी,भात,खिचडी,आलूची भाजी,वांग्याचं भरीत","चहा,दूध,पोळी",2018-05-20 16:46:03.103339+00:00
118,1,"चहा,दूध,पोळी,भात,खिचडी,बेसन,डाळ पालक",चहा,2018-05-20 17:20:14.575106+00:00
118,2,"चहा,उपमा,पोळी,आलूची भाजी,वांग्याची भाजी","चहा,दूध,उपमा,पोळी",2018-05-20 17:21:00.480949+00:00
118,3,"चहा,दूध,उपमा,चण्याची उसळ,पोळी,भात,खिचडी,टमाटर चटणी",चहा,2018-05-20 17:21:58.025225+00:00
119,1,"चहा,बिस्कीट,पोहे,पोळी,भात,डाळ पालक,वांग्याची भाजी","चहा,पोळी",2018-05-20 16:47:53.588073+00:00
119,2,"चहा,बिस्कीट,उपमा,पोळी,खिचडी,बेसन,वांग्याची भाजी","चहा,दूध",2018-05-20 16:48:41.862599+00:00
119,3,"चहा,दूध,उपमा,पोळी,खिचडी,पत्ता कोबी",चहा,2018-05-20 16:49:12.930054+00:00
120,1,"चहा,बिस्कीट,दूध,दहीवडे,पोळी,भात,डाळ पालक","दूध,भात",2018-05-20 16:50:51.438609+00:00
120,2,"चहा,ब्रेड,दूध,पोळी,मेथीची भाजी,वांग्याची भाजी",पोळी,2018-05-20 16:51:40.358223+00:00
120,3,"चहा,दूध,साबुदाणा उसळ,पोळी,डाळ पालक",,2018-05-20 16:52:13.084509+00:00
121,1,"चहा,बिस्कीट,दूध,उपमा,पोळी,भात,डाळ पालक","चहा,कढी,पापड,भात",2018-05-20 17:26:00.961564+00:00
121,2,"चहा,ब्रेड,दूध,कढी,भाकर,पोळी,भात,पत्ता कोबी,मेथीची भाजी",दूध,2018-05-20 17:27:06.190271+00:00
121,3,"चहा,दूध,शिरा,पोळी,भात,खिचडी,डाळ पालक,टमाटर चटणी","चहा,शिरा",2018-05-20 17:27:45.323815+00:00
122,1,"चहा,दूध,उपमा,खिचडी,बेसन,वांग्याचं भरीत","चहा,उपमा,पोळी",2018-05-20 17:28:48.310461+00:00
122,2,"चहा,ब्रेड,दूध,शिरा,पोळी,वरण,वांग्याची भाजी","चहा,पोळी",2018-05-20 17:30:00.454030+00:00
122,3,"चहा,ब्रेड,दूध,उपमा,पोळी,भात,मेथीची भाजी,वांग्याची भाजी","चहा,पोळी",2018-05-20 17:30:39.455875+00:00
123,1,"चहा,पोळी,बेसन,वांग्याची भाजी",पोळी,2018-05-20 17:31:44.152409+00:00
123,2,"चहा,उपमा,पोळी,भात,खिचडी,बेसन,डाळ पालक",,2018-05-20 17:32:17.984893+00:00
123,3,"चहा,पोळी,भात,पत्ता कोबी","पोळी,खिचडी,बेसन,आलूची भाजी",2018-05-20 17:33:09.243054+00:00
124,1,"दूध,शिरा,पोळी,भात,पालक वरण,वांग्याची भाजी","दूध,शिरा",2018-05-20 17:34:42.058199+00:00
124,2,"चहा,ब्रेड,दूध,पोळी,भात,बेसन,पत्ता कोबी","चहा,पोळी",2018-05-20 17:35:36.529739+00:00
124,3,"चहा,ब्रेड,दूध,पोळी,खिचडी,बेसन,मेथीची भाजी",,2018-05-20 17:37:24.539032+00:00
125,1,"चहा,बिस्कीट,दूध,साबुदाणा उसळ,पोळी,भात,आलूची भाजी,वांग्याची भाजी",दूध,2018-05-20 17:38:26.262129+00:00
125,2,"चहा,ब्रेड,दूध,पोहे,पोळी,वरण,पत्ता कोबी,मेथीची भाजी",पोळी,2018-05-20 17:39:22.014162+00:00
125,3,"चहा,दूध,पोळी,खिचडी,बेसन,डाळ पालक",दूध,2018-05-20 17:40:05.594230+00:00
126,1,"चहा,बिस्कीट,दूध,शिरा,पोळी,डाळ पालक,आलूची भाजी","चहा,बिस्कीट,पोळी",2018-05-20 17:57:37.429804+00:00
126,2,"चहा,दूध,पोळी,वांग्याची भाजी",दूध,2018-05-20 17:58:48.474240+00:00
126,3,"चहा,बिस्कीट,उपमा,पोळी,भात,वरण,खिचडी,बेसन,मेथीची भाजी","चहा,उपमा",2018-05-20 17:59:29.874721+00:00
127,1,"चहा,बिस्कीट,पोळी,खिचडी,बेसन,डाळ पालक,वांग्याची भाजी",चहा,2018-05-20 18:00:28.287354+00:00
127,2,"चहा,शिरा,पोळी,वरण,मेथीची भाजी,टमाटर चटणी","चहा,पोळी",2018-05-20 18:01:47.347513+00:00
127,3,"चहा,पोहे,पोळी,भात,खिचडी,बेसन,वांग्याची भाजी","चहा,पोहे",2018-05-20 18:02:38.547017+00:00
128,1,"चहा,पोहे,पोळी,भात,वरण,आलूची भाजी","दूध,पोळी,भात,डाळ पालक",2018-05-20 18:04:09.190653+00:00
128,2,"चहा,ब्रेड,दूध,पोळी,भात,टमाटर चटणी,वांग्याचं भरीत","चहा,पोळी",2018-05-20 18:05:06.426535+00:00
128,3,"दूध,साबुदाणा उसळ,पोळी,भात,पालक वरण",दूध,2018-05-20 18:05:43.272193+00:00
129,1,"दूध,पोहे,पोळी,भात,खिचडी,डाळ पालक,वांग्याची भाजी","दूध,पोहे",2018-05-20 18:07:06.549727+00:00
129,2,"दूध,पोळी,भात,खिचडी,बेसन,पालक वरण","दूध,पोळी",2018-05-20 18:07:50.567769+00:00
129,3,"दूध,पोहे,पोळी,भात,खिचडी,टमाटर चटणी,वांग्याची भाजी","दूध,पोहे",2018-05-20 18:08:25.280358+00:00
130,1,"चहा,पोहे,पोळी,भात,पत्ता कोबी,वांग्याची भाजी","चहा,पोळी",2018-05-20 18:09:51.839275+00:00
130,2,"चहा,दूध,शिरा,पोळी,भात,खिचडी,बेसन,डाळ पालक","चहा,शिरा",2018-05-20 18:10:34.095972+00:00
130,3,"चहा,पोळी,भात,खिचडी,मेथीची भाजी","चहा,पोळी,मेथीची भाजी",2018-05-20 18:11:25.350243+00:00
171,1,"चहा,ब्रेड,उपमा,पोळी,भात,आलूची भाजी,अंड्याची भाजी","उपमा,पोळी",2018-05-22 03:26:23.248804+00:00
171,2,"चहा,ब्रेड,पोळी,भात,खिचडी,मेथीची भाजी",चहा,2018-05-22 03:27:44.780236+00:00
171,3,"चहा,ब्रेड,दूध,दहीवडे,खिचडी,बेसन,वांग्याची भाजी",,2018-05-22 03:29:02.204049+00:00
172,1,"चहा,उपमा,पोळी,भात,डाळ पालक,वांग्याची भाजी","चहा,ब्रेड,पोळी",2018-05-22 03:31:24.224666+00:00
172,2,"चहा,उपमा,पोळी,भात,मेथीची भाजी,पालक वरण","चहा,उपमा,पोळी",2018-05-22 03:32:35.018687+00:00
172,3,"चहा,दूध,उपमा,पोळी,भात,खिचडी,बेसन,पालक वरण",चहा,2018-05-22 03:33:50.281159+00:00
173,1,"चहा,पोहे,पोळी,भात,पत्ता कोबी,पालक वरण","पोळी,भात,पालक वरण",2018-05-22 03:36:39.544993+00:00
173,2,"चहा,बिस्कीट,पोळी,भात,मेथीची भाजी","चहा,पोळी,पालक वरण,वांग्याची भाजी",2018-05-22 03:38:31.856184+00:00
173,3,"चहा,मटकीची उसळ,पोळी,भात,पालक वरण","चहा,कढी,भात",2018-05-22 03:39:29.726953+00:00
174,1,"चहा,ब्रेड,उपमा,पोळी,भात,पालक वरण,टमाटर चटणी","चहा,उपमा,पोळी",2018-05-22 03:41:25.310192+00:00
174,2,"चहा,दूध,साबुदाणा उसळ,पोळी,वांग्याची भाजी",,2018-05-22 03:42:20.457419+00:00
174,3,"चहा,ब्रेड,दूध,उपमा,पोळी,भात,पत्ता कोबी,टमाटर चटणी","चहा,पोळी",2018-05-22 03:43:41.274314+00:00
175,1,"चहा,ब्रेड,दूध,उपमा,मटकीची उसळ,पोळी,भात,मेथीची भाजी","चहा,उपमा,पोळी,भात",2018-05-22 03:46:11.007408+00:00
175,2,"चहा,दूध,उपमा,पोळी,भात,मेथीची भाजी,पालक वरण","चहा,पोळी",2018-05-22 03:48:04.811297+00:00
175,3,"चहा,दूध,उपमा,कढी,पोळी,खिचडी,बेसन,वांग्याची भाजी",चहा,2018-05-22 03:50:05.068141+00:00
176,1,"चहा,ब्रेड,उपमा,पोळी,भात,पत्ता कोबी,पालक वरण","चहा,पोळी",2018-05-22 03:52:08.393303+00:00
176,2,"चहा,ब्रेड,दूध,उपमा,भाकर,पोळी,भात,बेसन,आलूची भाजी","चहा,उपमा",2018-05-22 03:53:55.132891+00:00
176,3,"चहा,दूध,पोहे,पोळी,भात,खिचडी,बेसन,मेथीची भाजी,पालक वरण","चहा,पोहे",2018-05-22 03:56:49.950823+00:00
176,3,"चहा,दूध,पोहे,पोळी,भात,खिचडी,बेसन,मेथीची भाजी,पालक वरण","चहा,पोहे",2018-05-22 03:55:14.317481+00:00
177,1,"चहा,ब्रेड,दूध,पोळी,भात,खिचडी,बेसन,मेथीची भाजी,पालक वरण",चहा,2018-05-22 13:18:08.453186+00:00
177,2,"चहा,ब्रेड,उपमा,पोळी,भात,बेसन,वांग्याची भाजी","चहा,उपमा,पोळी",2018-05-22 13:19:26.717659+00:00
177,3,"चहा,दूध,पोहे,पोळी,भात,बेसन,टमाटर चटणी","चहा,पोळी",2018-05-22 13:20:28.091498+00:00
178,1,"चहा,ब्रेड,दूध,उपमा,खिचडी,बेसन,मेथीची भाजी,पालक वरण","चहा,उपमा",2018-05-22 13:22:25.633665+00:00
178,2,"चहा,ब्रेड,दूध,उपमा,पोळी,पत्ता कोबी,पालक वरण","चहा,उपमा,पोळी",2018-05-22 13:23:47.509755+00:00
178,3,"चहा,ब्रेड,पोहे,पोळी,भात,बेसन,मेथीची भाजी",चहा,2018-05-22 13:24:53.471736+00:00
179,1,"चहा,ब्रेड,दूध,उपमा,उसाचा रस,पोळी,टमाटर चटणी,वांग्याची भाजी","दूध,पोळी",2018-05-22 13:27:55.284120+00:00
179,2,"चहा,ब्रेड,उपमा,खिचडी,वांग्याची भाजी","चहा,ब्रेड,उपमा,पोळी",2018-05-22 13:28:57.173938+00:00
179,3,"चहा,दूध,साबुदाणा उसळ,पोळी,भात,पालक वरण",दूध,2018-05-22 13:30:12.729953+00:00
180,1,"चहा,बिस्कीट,दूध,उपमा,पोळी,भात,वांग्याचं भरीत,वांग्याची भाजी","चहा,पोळी",2018-05-22 13:33:18.452179+00:00
180,2,"चहा,ब्रेड,दूध,उपमा,पोळी,भात,बेसन,अंड्याची भाजी","चहा,उपमा,पोळी",2018-05-22 13:48:39.835037+00:00
180,3,"चहा,ब्रेड,दूध,उपमा,पोळी,मेथीची भाजी,टमाटर चटणी","चहा,पोळी",2018-05-22 13:49:35.975504+00:00
181,1,"चहा,ब्रेड,दूध,उपमा,पोळी,भात,पत्ता कोबी,पालक वरण,आलूची भाजी","चहा,उपमा,पोळी",2018-05-22 13:52:16.934206+00:00
181,2,"चहा,ब्रेड,दूध,पोहे,कढी,पोळी,भात,वांग्याचं भरीत","चहा,पोहे,पोळी",2018-05-22 13:53:12.672604+00:00
181,3,"चहा,ब्रेड,दूध,उपमा,पोळी,भात,खिचडी,बेसन,मेथीची भाजी,पालक वरण",चहा,2018-05-22 13:54:17.772071+00:00
182,1,"चहा,ब्रेड,दूध,उपमा,पोळी,भात,खिचडी,बेसन,वांग्याची भाजी","चहा,उपमा",2018-05-22 13:56:06.677065+00:00
182,2,"चहा,ब्रेड,दूध,पोहे,पोळी,टमाटर चटणी,वांग्याचं भरीत","चहा,पोहे,पोळी",2018-05-22 13:57:16.345577+00:00
182,3,"चहा,दूध,साबुदाणा उसळ,पोळी,भात,बटाटा वडी",चहा,2018-05-22 13:58:17.787249+00:00
183,2,"चहा,उपमा,पोळी,भात,पालक वरण,टमाटर चटणी","चहा,उपमा,पोळी",2018-05-23 07:07:55.638144+00:00
183,3,"चहा,मटकीची उसळ,पोळी,भात,टमाटर चटणी","चहा,मटकीची उसळ,भात",2018-05-23 07:08:52.783025+00:00
184,1,"चहा,ब्रेड,दूध,उपमा,पोळी,भात,बेसन,मेथीची भाजी,पालक वरण","चहा,उपमा,पोळी",2018-05-23 07:11:14.607040+00:00
184,2,"चहा,ब्रेड,उसाचा रस,पोळी,पत्ता कोबी,मेथीची भाजी,पालक वरण","चहा,पोळी",2018-05-23 07:12:52.364707+00:00
184,3,"चहा,ब्रेड,दूध,उपमा,पोळी,भात,खिचडी,बेसन,पालक वरण",उपमा,2018-05-23 07:13:47.707539+00:00
185,1,"चहा,ब्रेड,उपमा,कढी,पोळी,बेसन,वांग्याचं भरीत","चहा,पोळी",2018-05-23 07:15:34.386157+00:00
185,2,"चहा,ब्रेड,पोळी,भात,पत्ता कोबी,पालक वरण","चहा,पोळी",2018-05-23 07:16:51.423786+00:00
185,3,"चहा,ब्रेड,दूध,पोळी,खिचडी,बेसन,पत्ता कोबी",चहा,2018-05-23 07:17:44.863235+00:00
186,1,"चहा,ब्रेड,उपमा,पोळी,भात,मेथीची भाजी,वांग्याचं भरीत","चहा,उपमा,पोळी",2018-05-23 07:20:11.852465+00:00
186,2,"चहा,ब्रेड,दूध,उपमा,मटकीची उसळ,पोळी,भात,वांग्याची भाजी","चहा,पोळी",2018-05-23 07:20:54.243561+00:00
186,3,"चहा,ब्रेड,दूध,पोळी,भात,बेसन,टमाटर चटणी","चहा,पोळी",2018-05-23 07:21:41.530362+00:00
187,1,"चहा,ब्रेड,उपमा,पोळी,भात,बेसन,मेथीची भाजी,पालक वरण","चहा,उपमा,पोळी",2018-05-23 07:24:59.612870+00:00
187,2,"चहा,ब्रेड,उपमा,पोळी,भात,पालक वरण,आलूची भाजी,वांग्याचं भरीत","चहा,उसाचा रस,पोळी",2018-05-23 07:26:15.153126+00:00
187,3,"चहा,ब्रेड,दूध,पोळी,खिचडी,बेसन,पालक वरण",चहा,2018-05-23 07:27:07.926777+00:00
188,1,"चहा,ब्रेड,दूध,शिरा,पोळी,भात,पत्ता कोबी,वांग्याची भाजी","चहा,पोळी",2018-05-23 07:29:48.964866+00:00
188,1,"चहा,ब्रेड,पोळी,भात,बेसन,मेथीची भाजी","चहा,पोळी",2018-05-23 07:06:47.409646+00:00
188,2,"चहा,ब्रेड,दूध,उपमा,पोळी,भात,पालक वरण,टमाटर चटणी","चहा,उपमा,पोळी",2018-05-23 07:30:40.949123+00:00
188,3,"चहा,बिस्कीट,पोहे,कढी,खिचडी,बेसन,वांग्याची भाजी","चहा,पोहे,पोळी",2018-05-23 07:31:34.900009+00:00
189,1,"चहा,ब्रेड,उपमा,पोळी,भात,डाळ पालक,अंड्याची भाजी","चहा,पोळी,भात",2018-05-23 07:33:51.762439+00:00
189,2,"चहा,ब्रेड,दूध,उपमा,पोळी,भात,खिचडी,पालक वरण,टमाटर चटणी,वांग्याची भाजी","चहा,उपमा",2018-05-23 07:34:46.423213+00:00
189,3,"चहा,ब्रेड,पोळी,खिचडी,मेथीची भाजी,आलूची भाजी","चहा,पोळी",2018-05-23 07:35:59.405210+00:00
190,1,"चहा,बिस्कीट,दूध,उपमा,पोळी,भात,मेथीची भाजी,पालक वरण,टमाटर चटणी","उपमा,पोळी",2018-05-23 07:38:13.330031+00:00
190,2,"चहा,ब्रेड,उपमा,कढी,पोळी,भात,मेथीची भाजी,पालक वरण","चहा,ब्रेड,पोळी",2018-05-23 07:39:26.061746+00:00
190,3,"चहा,ब्रेड,पोहे,पोळी,भात,बेसन,टमाटर चटणी","चहा,पोहे,पोळी",2018-05-23 07:40:20.037839+00:00
191,1,"चहा,ब्रेड,उपमा,पोळी,भात,खिचडी,बेसन,मेथीची भाजी,पालक वरण","चहा,उपमा",2018-05-23 07:42:16.499257+00:00
191,2,"चहा,दूध,साबुदाणा उसळ,पोळी,भात,पालक वरण",दूध,2018-05-23 07:42:57.166817+00:00
191,3,"चहा,ब्रेड,दूध,पोळी,भात,मेथीची भाजी,पालक वरण,वांग्याची भाजी","चहा,पोळी,भात",2018-05-23 07:43:55.591486+00:00
192,1,"चहा,ब्रेड,कढी,पोळी,भात,खिचडी,पालक वरण,वांग्याची भाजी",पोळी,2018-05-23 07:45:19.230274+00:00
192,2,"चहा,दूध,साबुदाणा उसळ,पोळी,भात,डाळ पालक",चहा,2018-05-23 07:46:21.024019+00:00
192,3,"चहा,ब्रेड,मटकीची उसळ,कढी,भाकर,पोळी,भात,बेसन","चहा,दूध",2018-05-23 07:47:16.325572+00:00
193,1,"चहा,ब्रेड,दूध,उपमा,कढी,पोळी,भात,वांग्याचं भरीत","चहा,पोळी",2018-05-23 09:35:54.238780+00:00
193,2,"चहा,दूध,पोहे,शिरा,कढी,पोळी,बेसन,वांग्याची भाजी","पोहे,पोळी",2018-05-23 09:37:05.046635+00:00
193,3,"चहा,दूध,साबुदाणा उसळ,पोळी,भात,पालक वरण","चहा,दूध",2018-05-23 09:38:00.920933+00:00
194,1,"चहा,ब्रेड,उपमा,पोळी,भात,पालक वरण,वांग्याची भाजी","चहा,दूध,उपमा,पोळी",2018-05-23 09:40:28.139636+00:00
194,2,"चहा,ब्रेड,दूध,उपमा,पोळी,भात,मेथीची भाजी,पालक वरण,वांग्याचं भरीत","चहा,पोळी",2018-05-23 09:41:26.731562+00:00
194,3,"चहा,दूध,साबुदाणा उसळ,भात,पालक वरण",चहा,2018-05-23 09:42:08.631604+00:00
195,1,"चहा,उपमा,पोळी,भात,खिचडी,बेसन,पालक वरण","चहा,उपमा",2018-05-23 09:44:18.795038+00:00
195,2,"चहा,ब्रेड,दूध,पोळी,भात,खिचडी,बेसन,अंड्याची भाजी",चहा,2018-05-23 09:45:13.387301+00:00
195,3,"चहा,दूध,साबुदाणा उसळ,कढी,पोळी,मेथीची भाजी",चहा,2018-05-23 09:46:04.600461+00:00
196,1,"चहा,बिस्कीट,दूध,उपमा,कढी,पोळी,भात,मेथीची भाजी,पालक वरण,वांग्याची भाजी","उपमा,पोळी",2018-05-23 09:48:51.019819+00:00
196,2,"चहा,दूध,शिरा,पोळी,वांग्याची भाजी","चहा,दूध",2018-05-23 09:49:54.416012+00:00
196,3,"चहा,ब्रेड,उपमा,पोळी,मेथीची भाजी,पालक वरण,टमाटर चटणी","चहा,पोळी",2018-05-23 09:50:51.255796+00:00
197,1,"चहा,उपमा,भाकर,पोळी,टमाटर चटणी,वांग्याची भाजी","चहा,उपमा",2018-05-23 09:52:59.873941+00:00
197,2,"चहा,ब्रेड,उपमा,पोळी,भात,मेथीची भाजी,टमाटर चटणी,वांग्याचं भरीत",चहा,2018-05-23 09:53:54.753082+00:00
197,3,"चहा,ब्रेड,दूध,उपमा,कढी,पोळी,खिचडी,बेसन,पत्ता कोबी","चहा,उपमा",2018-05-23 09:54:45.481350+00:00
198,1,"चहा,ब्रेड,उपमा,पोळी,भात,टमाटर चटणी,वांग्याची भाजी","चहा,उपमा,पोळी",2018-05-23 09:56:26.593632+00:00
198,2,"चहा,ब्रेड,दूध,पोहे,कढी,पोळी,भात,आलूची भाजी",चहा,2018-05-23 09:57:13.835928+00:00
198,3,"चहा,दूध,साबुदाणा उसळ,पोळी,भात,वांग्याची भाजी",चहा,2018-05-23 09:57:58.511568+00:00
199,1,"चहा,ब्रेड,पोहे,भाकर,पोळी,बेसन,मेथीची भाजी,पालक वरण","चहा,पोहे",2018-05-23 10:00:51.490723+00:00
199,2,"चहा,ब्रेड,दूध,उपमा,पोळी,भात,बेसन,पालक वरण","चहा,उपमा,पोळी",2018-05-23 10:01:35.012004+00:00
199,3,"चहा,शिरा,मटकीची उसळ,पोळी,भात,वांग्याची भाजी","चहा,पोळी",2018-05-23 10:02:24.984687+00:00
200,1,"चहा,ब्रेड,पोहे,पोळी,भात,खिचडी,बेसन,आलूची भाजी",चहा,2018-05-23 10:05:26.983979+00:00
200,2,"चहा,दूध,साबुदाणा उसळ,पोळी,भात,पालक वरण","चहा,दूध",2018-05-23 10:06:11.216942+00:00
200,3,"चहा,दूध,उपमा,पोळी,भात,पालक वरण,वांग्याचं भरीत","चहा,उपमा,पोळी",2018-05-23 10:06:58.115788+00:00
201,1,"चहा,दूध,उपमा,पोळी,भात,खिचडी,बेसन,वांग्याची भाजी","चहा,उपमा",2018-05-23 10:09:35.570830+00:00
201,2,"चहा,दूध,साबुदाणा उसळ,पोळी,मेथीची भाजी,पालक वरण",चहा,2018-05-23 10:10:25.167138+00:00
201,3,"चहा,उपमा,पोळी,पत्ता कोबी,पालक वरण","चहा,पोळी,भात",2018-05-23 10:11:24.812679+00:00
202,1,"चहा,दूध,शिरा,पोळी,भात,खिचडी,बेसन,आलूची भाजी",चहा,2018-05-23 10:13:35.967632+00:00
202,2,"चहा,ब्रेड,पोळी,भात,टमाटर चटणी,वांग्याची भाजी","चहा,पोळी",2018-05-23 10:14:20.679840+00:00
202,3,"चहा,ब्रेड,उपमा,पोळी,भात,बेसन,पालक वरण","चहा,पोळी",2018-05-23 10:15:09.623882+00:00
203,1,"चहा,दूध,उपमा,मटकीची उसळ,पोळी,भात,आलूची भाजी","चहा,पोळी",2018-05-23 10:17:16.149500+00:00
203,2,"चहा,ब्रेड,दूध,उपमा,कढी,पोळी,टमाटर चटणी,वांग्याचं भरीत","चहा,पोळी",2018-05-23 10:18:21.773298+00:00
203,3,"चहा,ब्रेड,उपमा,मटकीची उसळ,पोळी,खिचडी,बेसन","चहा,उपमा",2018-05-23 10:19:42.451228+00:00
204,1,"चहा,दूध,पोहे,पोळी,बेसन,मेथीची भाजी","चहा,पोहे,पोळी",2018-05-23 10:23:42.438233+00:00
204,1,"चहा,ब्रेड,शिरा,पोळी,भात,मेथीची भाजी,पालक वरण","चहा,पोळी",2018-05-23 10:22:10.981744+00:00
204,2,"चहा,ब्रेड,उपमा,पोळी,भात,बेसन,मेथीची भाजी,पालक वरण","चहा,पोळी",2018-05-23 10:24:40.980310+00:00
204,3,"चहा,ब्रेड,शिरा,पोळी,भात,मेथीची भाजी,पालक वरण","चहा,पोळी",2018-05-23 10:25:40.293287+00:00
205,1,"चहा,ब्रेड,दूध,पोळी,मेथीची भाजी,आलूची भाजी","चहा,पोळी",2018-05-23 10:28:14.545220+00:00
205,2,"चहा,ब्रेड,उपमा,पोळी,भात,बेसन,वांग्याचं भरीत",चहा,2018-05-23 10:29:03.564536+00:00
205,3,"चहा,उपमा,पोळी,भात,बेसन,वांग्याचं भरीत","चहा,पोळी",2018-05-23 10:29:59.830576+00:00
206,1,"चहा,उपमा,पोळी,भात,बेसन,मेथीची भाजी","चहा,पोळी",2018-05-23 10:32:43.862401+00:00
206,2,"चहा,दूध,साबुदाणा उसळ,पोळी,भात,पालक वरण",चहा,2018-05-23 10:33:31.858265+00:00
206,3,"चहा,उपमा,पोळी,भात,पालक वरण,आलूची भाजी","चहा,उपमा,पोळी",2018-05-23 10:34:35.588589+00:00
206,3,"चहा,उपमा,पोळी,भात,पालक वरण,आलूची भाजी","चहा,उपमा,पोळी",2018-05-23 10:34:19.695072+00:00
207,1,"चहा,पोळी,भात,वांग्याचं भरीत,वांग्याची भाजी","चहा,पोळी",2018-05-23 10:36:31.593535+00:00
207,2,"चहा,ब्रेड,दूध,उपमा,पोळी,खिचडी,बेसन,पालक वरण",चहा,2018-05-23 10:37:34.775541+00:00
207,3,"चहा,पोहे,कढी,पोळी,भात,मेथीची भाजी","चहा,पोहे",2018-05-23 10:38:27.143557+00:00
208,1,"चहा,दूध,शिरा,पोळी,भात,पालक वरण,वांग्याची भाजी","चहा,पोळी",2018-05-23 10:40:30.656731+00:00
208,2,"चहा,दूध,उपमा,पोळी,मेथीची भाजी,वांग्याचं भरीत",पोळी,2018-05-23 10:41:28.220054+00:00
208,3,"चहा,दूध,साबुदाणा उसळ,पोळी,मेथीची भाजी",,2018-05-23 10:42:06.286661+00:00
209,1,"चहा,दूध,उपमा,पोळी,भात,मेथीची भाजी,पालक वरण,टमाटर चटणी","चहा,पोळी",2018-05-23 10:44:51.956623+00:00
209,2,"चहा,दूध,साबुदाणा उसळ,पोळी,भात,पालक वरण",चहा,2018-05-23 10:45:39.109688+00:00
209,3,"चहा,दूध,उपमा,पोळी,बेसन,मेथीची भाजी","चहा,उपमा,पोळी",2018-05-23 10:46:29.214239+00:00
210,1,"चहा,दूध,उपमा,पोळी,भात,टमाटर चटणी,वांग्याची भाजी","चहा,पोळी",2018-05-23 10:49:08.495413+00:00
210,2,"चहा,दूध,पोहे,मटकीची उसळ,पोळी,भात,टमाटर चटणी","चहा,पोळी",2018-05-23 10:49:56.724846+00:00
210,3,"चहा,दूध,मटकीची उसळ,पोळी,मेथीची भाजी,आलूची भाजी","चहा,पोळी",2018-05-23 10:50:46.953012+00:00
211,1,"चहा,ब्रेड,पोळी,भात,बेसन,मेथीची भाजी,पालक वरण",चहा,2018-05-24 01:35:20.995126+00:00
211,2,"चहा,दूध,उपमा,पोळी,भात,पालक वरण,वांग्याचं भरीत","चहा,पोळी",2018-05-24 01:36:07.322485+00:00
211,3,"चहा,ब्रेड,दूध,पोळी,मेथीची भाजी,वांग्याची भाजी","चहा,पोळी",2018-05-24 01:36:56.807837+00:00
212,1,"चहा,ब्रेड,दूध,पोळी,भात,पालक वरण,वांग्याची भाजी","चहा,पोळी",2018-05-24 01:39:14.756375+00:00
212,2,"चहा,ब्रेड,दूध,साबुदाणा उसळ,पोळी,वांग्याची भाजी",चहा,2018-05-24 01:40:00.140278+00:00
212,3,"चहा,दूध,पोहे,पोळी,खिचडी,बेसन,मेथीची भाजी,पालक वरण",चहा,2018-05-24 01:40:47.042034+00:00
213,1,"चहा,उपमा,पोळी,आलूची भाजी,वांग्याची भाजी","चहा,उपमा,पोळी",2018-05-24 01:43:17.321434+00:00
213,2,"चहा,पोहे,पोळी,भात,वांग्याचं भरीत,वांग्याची भाजी","चहा,पोळी",2018-05-24 01:43:54.136647+00:00
213,3,"चहा,उपमा,पोळी,खिचडी,बेसन,आलूची भाजी,टमाटर चटणी",चहा,2018-05-24 01:45:30.904561+00:00
214,1,"चहा,दूध,पोहे,पोळी,भात,पालक वरण,वांग्याचं भरीत","चहा,पोळी",2018-05-24 01:47:22.932505+00:00
214,2,"चहा,ब्रेड,उपमा,पोळी,भात,टमाटर चटणी,वांग्याची भाजी","चहा,उपमा,पोळी",2018-05-24 01:48:15.410566+00:00
214,3,"चहा,दूध,मटकीची उसळ,पोळी,भात,वांग्याची भाजी","चहा,मटकीची उसळ,पोळी",2018-05-24 01:48:59.444467+00:00
215,1,"चहा,ब्रेड,पोळी,भात,आलूची भाजी,वांग्याची भाजी",पोळी,2018-05-24 01:51:20.009469+00:00
215,2,"चहा,दूध,पोहे,पोळी,बेसन,मेथीची भाजी,पालक वरण","चहा,पोहे,पोळी",2018-05-24 01:52:28.866809+00:00
215,3,"चहा,दूध,साबुदाणा उसळ,पोळी,मेथीची भाजी",दूध,2018-05-24 01:53:31.008642+00:00
216,1,"चहा,ब्रेड,उपमा,पोळी,भात,खिचडी,बेसन,वांग्याची भाजी","चहा,उपमा",2018-05-24 01:55:34.540886+00:00
216,2,"चहा,उपमा,पोळी,भात,आलूची भाजी,टमाटर चटणी","चहा,उपमा,पोळी",2018-05-24 01:56:18.326613+00:00
216,3,"चहा,ब्रेड,दूध,कढी,खिचडी,बेसन,वांग्याचं भरीत","चहा,दूध,पोळी",2018-05-24 01:57:06.636478+00:00
217,1,"चहा,ब्रेड,कढी,पोळी,खिचडी,बेसन,वांग्याची भाजी",चहा,2018-05-24 01:59:32.547819+00:00
217,2,"चहा,साबुदाणा उसळ,पोळी,मेथीची भाजी,पालक वरण",चहा,2018-05-24 02:00:14.595493+00:00
217,3,"चहा,बिस्कीट,दूध,उपमा,पोळी,भात,पालक वरण,वांग्याची भाजी","चहा,उपमा,पोळी",2018-05-24 02:01:08.088865+00:00
218,1,"चहा,ब्रेड,दूध,पोळी,बेसन,पत्ता कोबी,पालक वरण","चहा,पोळी",2018-05-24 02:03:12.560557+00:00
218,2,"चहा,दूध,पोळी,भात,पत्ता कोबी,पालक वरण","चहा,दूध,पोळी",2018-05-24 02:04:41.771051+00:00
218,3,"चहा,दूध,उपमा,मटकीची उसळ,पोळी,भात,वांग्याची भाजी","चहा,उपमा,पोळी",2018-05-24 02:06:01.729437+00:00
219,1,"चहा,दूध,उपमा,कढी,पोळी,भात,बेसन,वांग्याची भाजी",चहा,2018-05-24 02:08:24.977892+00:00
219,2,"चहा,ब्रेड,दूध,उपमा,पोळी,खिचडी,बेसन,आलूची भाजी","चहा,उपमा",2018-05-24 02:09:22.555336+00:00
219,3,"चहा,ब्रेड,दूध,मटकीची उसळ,पोळी,खिचडी,बेसन,वांग्याची भाजी",चहा,2018-05-24 02:10:33.767574+00:00
220,1,"चहा,ब्रेड,पोहे,पोळी,भात,पालक वरण,टमाटर चटणी","चहा,पोळी",2018-05-24 02:13:18.996381+00:00
220,2,"चहा,दूध,उपमा,पोळी,भात,बेसन,वांग्याची भाजी","चहा,पोळी",2018-05-24 02:14:15.438534+00:00
220,3,"चहा,दूध,साबुदाणा उसळ,पोळी,भात,वांग्याची भाजी",चहा,2018-05-24 02:15:16.749238+00:00
221,1,"चहा,दूध,पोहे,पोळी,भात,खिचडी,बेसन,पत्ता कोबी,पालक वरण","चहा,पोहे",2018-05-24 02:17:22.865677+00:00
221,2,"चहा,दूध,मटकीची उसळ,पोळी,भात,टमाटर चटणी","चहा,मटकीची उसळ,पोळी",2018-05-24 02:18:23.121077+00:00
221,3,"चहा,शिरा,कढी,भात,आलूची भाजी,वांग्याचं भरीत","चहा,पोळी",2018-05-24 02:19:26.938977+00:00
222,1,"चहा,उपमा,मटकीची उसळ,पोळी,भात,वांग्याची भाजी","चहा,पोळी",2018-05-30 02:28:08.121057+00:00
222,2,"चहा,दूध,साबुदाणा उसळ,पोळी,भात,पालक वरण",चहा,2018-05-30 02:28:59.114572+00:00
222,3,"चहा,मटकीची उसळ,पोळी,पत्ता कोबी,वांग्याची भाजी","चहा,पोळी,भात",2018-05-30 02:29:35.507483+00:00
223,1,"चहा,दूध,उपमा,पोळी,भात,पालक वरण,आलूची भाजी","चहा,उपमा,पोळी",2018-05-30 02:30:17.960937+00:00
223,2,"चहा,दूध,पोहे,कढी,पोळी,भात,पत्ता कोबी,आलूची भाजी","चहा,पोहे,पोळी",2018-05-30 02:30:57.944052+00:00
223,3,"चहा,उपमा,मटकीची उसळ,पोळी,भात,खिचडी,बेसन","चहा,उपमा",2018-05-30 02:43:11.685728+00:00
224,1,"चहा,ब्रेड,दूध,मटकीची उसळ,पोळी,भात,मेथीची भाजी,पालक वरण,वांग्याची भाजी","चहा,पोळी",2018-05-24 02:22:11.488057+00:00
224,2,"चहा,दूध,साबुदाणा उसळ,पोळी,भात,पत्ता कोबी","चहा,दूध",2018-05-24 02:23:04.918829+00:00
224,3,"चहा,ब्रेड,दूध,उपमा,पोळी,भात,पालक वरण,वांग्याची भाजी","चहा,उपमा,पोळी",2018-05-24 02:24:09.089078+00:00
225,1,"चहा,ब्रेड,दूध,उपमा,पोळी,भात,मेथीची भाजी,पालक वरण,टमाटर चटणी","चहा,उपमा,पोळी",2018-05-24 02:26:29.128332+00:00
225,2,"चहा,दूध,उपमा,पोळी,भात,पालक वरण,वांग्याची भाजी","उपमा,पोळी",2018-05-24 02:27:22.247905+00:00
225,3,"चहा,दूध,पोहे,पोळी,भात,खिचडी,बेसन,पालक वरण,वांग्याची भाजी",चहा,2018-05-24 02:28:22.837741+00:00
226,1,"चहा,दूध,उपमा,पोळी,भात,बेसन,मेथीची भाजी,पालक वरण","चहा,उपमा,पोळी",2018-05-24 02:30:53.290617+00:00
226,2,"चहा,दूध,पोळी,भात,मेथीची भाजी,पालक वरण","चहा,दूध,पोळी",2018-05-24 02:31:41.217059+00:00
226,3,"चहा,दूध,उपमा,पोळी,बेसन,पालक वरण,वांग्याची भाजी","चहा,पोळी",2018-05-24 02:32:28.858487+00:00
227,1,"चहा,दूध,मटकीची उसळ,पोळी,भात,टमाटर चटणी","चहा,मटकीची उसळ,पोळी",2018-05-24 02:34:36.501135+00:00
227,2,"चहा,दूध,उपमा,पोळी,भात,खिचडी,बेसन,पालक वरण","चहा,उपमा",2018-05-24 02:35:30.431610+00:00
227,3,"चहा,दूध,पोळी,भात,खिचडी,मेथीची भाजी,वांग्याची भाजी","चहा,पोळी",2018-05-24 02:36:24.910585+00:00
228,1,"चहा,बिस्कीट,दूध,कढी,पोळी,मेथीची भाजी,पालक वरण,वांग्याची भाजी","चहा,पोळी",2018-05-24 02:38:30.153404+00:00
228,2,"चहा,ब्रेड,उपमा,कढी,पोळी,भात,बेसन,पालक वरण","उपमा,पोळी",2018-05-24 02:39:38.060876+00:00
228,3,"चहा,दूध,पोळी,मेथीची भाजी,पालक वरण,वांग्याचं भरीत","चहा,पोळी",2018-05-24 02:40:35.362206+00:00
229,1,"चहा,ब्रेड,दूध,पोहे,पोळी,मेथीची भाजी,पालक वरण,टमाटर चटणी","चहा,पोहे,पोळी",2018-05-24 02:42:51.781104+00:00
229,2,"चहा,दूध,पोळी,पालक वरण,आलूची भाजी,वांग्याचं भरीत","चहा,पोळी",2018-05-24 02:43:50.453197+00:00
229,3,"चहा,दूध,उपमा,पोळी,भात,खिचडी,बेसन,पालक वरण",चहा,2018-05-24 02:44:42.980291+00:00
230,1,"चहा,ब्रेड,दूध,पोहे,पोळी,भात,बेसन,पत्ता कोबी,पालक वरण","चहा,पोळी",2018-05-24 02:47:10.914813+00:00
230,2,"चहा,दूध,उपमा,कढी,पोळी,भात,पालक वरण","चहा,उपमा",2018-05-24 02:47:54.829754+00:00
230,3,"चहा,दूध,पोळी,भात,मेथीची भाजी,पालक वरण,वांग्याची भाजी","चहा,पोळी",2018-05-24 02:48:48.078534+00:00
231,1,"चहा,ब्रेड,दूध,उपमा,पोळी,मेथीची भाजी,पालक वरण,वांग्याची भाजी","चहा,उपमा,पोळी",2018-05-24 02:51:03.889455+00:00
231,2,"चहा,दूध,पोळी,भात,बेसन,पालक वरण","चहा,पोळी,भात",2018-05-24 02:51:55.703145+00:00
231,3,"चहा,दूध,उपमा,पोळी,पालक वरण,वांग्याचं भरीत,वांग्याची भाजी","चहा,उपमा,पोळी",2018-05-24 02:53:01.341189+00:00
232,1,"चहा,उपमा,पोळी,भात,बेसन,आलूची भाजी","चहा,पोळी",2018-05-24 02:55:18.777705+00:00
232,2,"चहा,उपमा,पोळी,भात,खिचडी,बेसन,पालक वरण","चहा,उपमा",2018-05-24 02:56:07.810816+00:00
232,3,"चहा,पोहे,पोळी,मेथीची भाजी,पालक वरण,वांग्याची भाजी","चहा,पोळी",2018-05-24 03:24:03.472520+00:00
232,3,"चहा,पोहे,पोळी,मेथीची भाजी,पालक वरण,वांग्याची भाजी","चहा,पोळी",2018-05-24 02:57:04.501233+00:00
233,1,"चहा,ब्रेड,दूध,उपमा,पोळी,भात,खिचडी,बेसन,पालक वरण","चहा,उपमा",2018-05-24 03:26:21.387785+00:00
233,2,"चहा,दूध,पोहे,पोळी,भात,वांग्याची भाजी","चहा,पोहे,पोळी,वांग्याची भाजी",2018-05-24 03:27:06.703603+00:00
233,3,"चहा,दूध,साबुदाणा उसळ,पोळी,वांग्याची भाजी","चहा,दूध",2018-05-24 03:27:48.987587+00:00
234,1,"चहा,ब्रेड,दूध,मटकीची उसळ,पोळी,पत्ता कोबी,टमाटर चटणी","चहा,पोळी",2018-05-24 03:30:11.115554+00:00
234,2,"चहा,ब्रेड,दूध,पोहे,पोळी,भात,आलूची भाजी,वांग्याची भाजी","दूध,पोळी",2018-05-24 03:44:05.100896+00:00
234,3,"चहा,ब्रेड,दूध,उपमा,कढी,पोळी,पत्ता कोबी,आलूची भाजी",पोळी,2018-05-24 03:45:05.104059+00:00
235,1,"चहा,ब्रेड,दूध,उपमा,पोळी,भात,खिचडी,बेसन,पालक वरण","चहा,उपमा",2018-05-24 03:47:56.447274+00:00
235,2,"चहा,दूध,पोहे,पोळी,भात,पालक वरण,वांग्याची भाजी","चहा,पोळी",2018-05-24 03:48:46.045652+00:00
235,3,"चहा,ब्रेड,दूध,पोळी,पत्ता कोबी,मेथीची भाजी,पालक वरण","चहा,पोळी",2018-05-24 03:49:36.746018+00:00
236,1,"चहा,ब्रेड,दूध,उपमा,पोळी,भात,टमाटर चटणी,वांग्याची भाजी","चहा,उपमा,पोळी",2018-05-24 03:51:29.170648+00:00
236,2,"चहा,ब्रेड,दूध,पोळी,भात,बेसन,वांग्याची भाजी","चहा,पोळी",2018-05-24 03:52:25.995816+00:00
236,3,"चहा,साबुदाणा उसळ,पोळी,भात,वांग्याची भाजी",चहा,2018-05-24 03:53:12.205883+00:00
237,1,"चहा,ब्रेड,दूध,उपमा,पोळी,भात,पालक वरण,आलूची भाजी,वांग्याची भाजी","चहा,पोळी",2018-05-24 03:55:36.759944+00:00
237,2,"चहा,दूध,मटकीची उसळ,पोळी,भात,वांग्याचं भरीत","चहा,दूध,पोळी",2018-05-24 03:56:22.850623+00:00
237,3,"चहा,दूध,उपमा,कढी,पोळी,खिचडी,बेसन,टमाटर चटणी",चहा,2018-05-24 03:57:20.690105+00:00
238,1,"चहा,दूध,पोळी,भात,आलूची भाजी,वांग्याची भाजी","चहा,पोळी",2018-05-24 03:59:35.974752+00:00
238,2,"चहा,दूध,उपमा,कढी,पोळी,भात,पत्ता कोबी,वांग्याचं भरीत","चहा,उपमा,पोळी",2018-05-24 04:00:28.661438+00:00
238,3,"चहा,दूध,उपमा,पोळी,भात,पत्ता कोबी,पालक वरण,वांग्याची भाजी","चहा,पोळी",2018-05-24 04:01:14.057347+00:00
239,1,"चहा,ब्रेड,दूध,उपमा,पोळी,खिचडी,बेसन,टमाटर चटणी",चहा,2018-05-24 04:03:27.636503+00:00
239,2,"चहा,ब्रेड,उपमा,पोळी,भात,पालक वरण,आलूची भाजी","चहा,पोळी",2018-05-24 04:04:12.630510+00:00
239,3,"चहा,दूध,साबुदाणा उसळ,पोळी,भात,वांग्याची भाजी",चहा,2018-05-24 04:04:50.647625+00:00
240,1,"चहा,ब्रेड,उपमा,पोळी,मेथीची भाजी,पालक वरण,वांग्याची भाजी","चहा,उपमा,पोळी",2018-05-24 04:06:53.751915+00:00
240,2,"चहा,दूध,साबुदाणा उसळ,पोळी,भात,पालक वरण",चहा,2018-05-24 04:07:28.817649+00:00
240,3,"चहा,उपमा,पोळी,भात,आलूची भाजी,वांग्याची भाजी","चहा,पोळी",2018-05-24 04:08:16.892322+00:00
241,1,"चहा,बिस्कीट,उपमा,पोळी,भात,पालक वरण,वांग्याचं भरीत","चहा,उपमा,पोळी",2018-05-24 04:10:30.644384+00:00
241,2,"चहा,साबुदाणा उसळ,पोळी,भात,पालक वरण",चहा,2018-05-24 04:11:23.951337+00:00
241,3,"चहा,दूध,पोहे,पोळी,पत्ता कोबी,पालक वरण,वांग्याची भाजी","चहा,पोहे,पोळी",2018-05-24 04:12:10.899673+00:00
242,1,"चहा,दूध,उपमा,मटकीची उसळ,पोळी,भात,खिचडी,बेसन","चहा,उपमा",2018-05-24 04:14:08.515709+00:00
242,2,"चहा,उपमा,कढी,पोळी,बेसन,वांग्याची भाजी","चहा,उपमा,पोळी",2018-05-24 04:14:53.466330+00:00
242,3,"चहा,पोहे,पोळी,भात,पालक वरण,आलूची भाजी,वांग्याची भाजी","चहा,पोहे,पोळी",2018-05-24 04:15:47.509703+00:00
243,1,"चहा,दूध,पोळी,भात,मेथीची भाजी,वांग्याची भाजी","चहा,पोळी",2018-05-24 04:18:20.272308+00:00
243,2,"चहा,उपमा,पोळी,भात,वांग्याचं भरीत,वांग्याची भाजी","चहा,उपमा,पोळी",2018-05-24 04:19:34.027585+00:00
243,3,"चहा,उपमा,कढी,पोळी,भात,बेसन",चहा,2018-05-24 04:20:09.716114+00:00
244,1,"चहा,दूध,पोहे,कढी,पोळी,भात,मेथीची भाजी","चहा,पोहे",2018-05-24 04:23:16.108253+00:00
244,2,"चहा,दूध,पोहे,कढी,पोळी,भात,वांग्याची भाजी","चहा,पोळी,वांग्याची भाजी",2018-05-24 04:23:59.908165+00:00
244,3,"चहा,दूध,उपमा,चण्याची उसळ,पोळी,भात,पालक वरण","उपमा,पोळी",2018-05-24 04:24:54.442414+00:00
245,1,"चहा,दूध,पोहे,वाटाणा उसळ,कढी,पोळी,भात,मेथीची भाजी",पोळी,2018-05-24 04:27:36.922860+00:00
245,2,"चहा,ब्रेड,दूध,कढी,पोळी,पत्ता कोबी,टमाटर चटणी","चहा,पोळी",2018-05-24 04:28:41.389361+00:00
245,3,"चहा,ब्रेड,दूध,चण्याची उसळ,कढी,पोळी,भात,पालक वरण,वांग्याचं भरीत","पोळी,भात",2018-05-24 04:29:37.870722+00:00
246,1,"चहा,दूध,पोहे,वाटाणा उसळ,पोळी,भात,वांग्याची भाजी","चहा,पोळी",2018-05-24 04:32:11.754305+00:00
246,2,"चहा,ब्रेड,दूध,शिरा,मटकीची उसळ,पोळी,भात,पालक वरण","चहा,शिरा,पोळी",2018-05-24 04:33:05.312428+00:00
246,3,"चहा,दूध,पोहे,पोळी,भात,पत्ता कोबी,पालक वरण,टमाटर चटणी","चहा,पोळी",2018-05-24 04:33:56.062726+00:00
247,1,"चहा,ब्रेड,दूध,पोहे,वाटाणा उसळ,पोळी,भात,पत्ता कोबी","दूध,पोळी",2018-05-24 04:36:34.168923+00:00
247,2,"चहा,ब्रेड,दूध,चण्याची उसळ,पोळी,भात,पत्ता कोबी,वांग्याची भाजी","दूध,पोळी",2018-05-24 04:37:35.990293+00:00
247,3,"चहा,दूध,पोहे,पोळी,भात,पत्ता कोबी,आलूची भाजी","दूध,पोळी",2018-05-24 04:38:18.309314+00:00
248,1,"चहा,दूध,पोहे,चण्याची उसळ,पोळी,वांग्याची भाजी","दूध,पोळी",2018-05-24 04:40:16.742864+00:00
248,2,"चहा,ब्रेड,दूध,पोळी,पत्ता कोबी,वांग्याची भाजी","दूध,पोळी",2018-05-24 04:41:08.001057+00:00
248,3,"चहा,ब्रेड,दूध,मटकीची उसळ,पोळी,भात,पत्ता कोबी,पालक वरण","दूध,पोळी",2018-05-24 04:41:52.208504+00:00
249,1,"चहा,ब्रेड,दूध,चण्याची उसळ,पोळी,भात,पत्ता कोबी,वांग्याची भाजी","चहा,पोळी",2018-05-24 04:43:52.266795+00:00
249,2,"चहा,दूध,पोहे,पोळी,आलूची भाजी,वांग्याची भाजी","दूध,पोळी",2018-05-24 04:44:31.163041+00:00
249,3,"चहा,ब्रेड,दूध,चण्याची उसळ,कढी,पोळी,पत्ता कोबी,आलूची भाजी",पोळी,2018-05-24 04:45:12.934298+00:00
250,1,"चहा,ब्रेड,दूध,मटकीची उसळ,पोळी,भात,पत्ता कोबी,वांग्याची भाजी",पोळी,2018-05-24 04:47:12.462857+00:00
250,2,"चहा,दूध,उपमा,पोळी,पत्ता कोबी,वांग्याची भाजी","दूध,उपमा,पोळी",2018-05-24 04:47:57.591192+00:00
250,3,"चहा,दूध,पोहे,पोळी,भात,टमाटर चटणी,वांग्याची भाजी","दूध,पोळी",2018-05-24 04:48:39.206493+00:00
